CCP,quarter,clearning service,4.1.1,4.1.2,4.1.3,4.1.4,4.1.5,4.1.6,4.1.7,4.1.8,4.1.9,4.1.10,4.4.7.PDA,4.4.7.MA,6.1.1.CLIENT,6.1.1.TOTAL,6.2.15.PRE,6.2.15.POST,18.1.1.1,18.1.1.2,18.1.2.2,19.1.1,19.1.2,23.1.2.OTC,23.1.2.ETD,23.2.1.OTC,23.2.1.ETD,year,q
KELER,Q2-2018,TEA,742262,15216,   N/A   ,7054169,7054169,                                 -    ,                       -    ,                             -    ,7054169,                       -    ,"8258874,62349361","717481,832373564",7777559,9869648,51000393,48527700,10,10,0,,19,0,"5935508,45901639",0,"42648360,3662411",2018,2
KELER,Q2-2018,KGA,642675,15216,   N/A   ,6107730,6107730,                                 -    ,                       -    ,                             -    ,6107730,                       -    ,"6525260,57439136","1854421,91500081",22928036,37382176,71550424,69367005,8,4,0,1217,12,0,"31001,9508196721",0,"32120121,6272754",2018,2
KELER,Q2-2018,TP KGA,269596,15216,   N/A   ,2562132,2562132,                                 -    ,                       -    ,                             -    ,2562132,                       -    ,,,0,8090142,16996332,16977789,0,43,0,,0,0,0,0,0,2018,2
KELER,Q2-2018,CEEGEX KGA,129285,17000,   N/A   ,1000000,1000000,                                 -    ,                       -    ,                             -    ,1000000,                       -    ,"371461,105447352","13041,5133345567",0,1701618,18058737,17642309,0,28,0,,0,0,0,0,0,2018,2
Kdpw,Q2-2018,organised market,1509481,39720201,10710740,33542693,42128842,81078,0,16771346,33461614,0,"212450565,17",50386141,133878954,141394567,276149720,275262861,10,21,0,,,0,386861742,0,1059193038,2018,2
Kdpw,Q2-2018,OTC market,1464406,39720201,10710740,32541054,32541054,107500,0,16270527,32433554,0,"127957261,106925","97530105,3457548",0,31585875,44374960,44374960,2,13,0,,,98088130,0,74831176255,0,2018,2
ICE CLEAR EUROPE,Q2-2018,F&O,133813690,0,0,2401784182,2461554307,0,0,4803568365,,0,2214878269,1633549570,26520160759,30730393198,33820763848,32608477531,73,0,0,Not available,63,0,0,0,0,2018,2
ICE CLEAR EUROPE,Q2-2018,CDS,42793563,0,0,932448834,949660149,0,0,932448834,,0,25791339,2842484,1115547629,5902564327,6757131308,6568205682,22,0,0,Not available,13,8226161085,0,,0,2018,2
Nasdaq,Q2-2018,Financial Markets,8609968,0,12236360,259403998,298141275,37932717,18765687,194872285,194872285,0,254996100,179341896,1823864696,3135151880,3971090772,3758177901,18,22,0,3521,39,9645621867,2905152897,347573314401,8340914868,2018,2
Nasdaq,Q2-2018,Commodities,4731399,0,6725656,152950000,165063466,20849534,11285718,133000000,133000000,0,190395482,97585754,1152564871,1736778282,2666763946,2622712657,14,79,0,203,145,0,212849152,0,12858948715,2018,2
Nasdaq,Q2-2018,Seafood,481611,0,98114,6166219,8936917,304156,291681,5361930,5361930,0,10345201,5547051,,,30126181,30126181,,,,21,21,0,2448742,0,183040214,2018,2
BME CLEARING,Q2-2018,financial derivatives,2500000,-,-,295200000,295200000,-,4000000,295200000,295200000,295200000,"428136442,36","333110841,400246","725382399,21","1553473746,45","1723555428,83863","1619302158,84",34,0,0,40400,31,0,"2769270476,19048",0,"14443534329,1224",2018,2
BME CLEARING,Q2-2018,repo,1000000,-,-,26000000,26000000,-,2000000,26000000,26000000,26000000,"59546943,39","19791312,7143701","12084118,18","1189714328,32","1384551376,16341","1347140555,2",0,26,0,16,1,0,"1316247311,3598",0,"10776914264,927",2018,2
BME CLEARING,Q2-2018,power,500000,-,-,12250000,12250000,-,1000000,12250000,12250000,12250000,"16185622,88","12214823,4248425","93329445,63","93443346,33","93544876,3916965","93248605,55",6,0,0,125,6,0,"2627217,12476191",0,"350412877,495",2018,2
BME CLEARING,Q2-2018,IRS,1000000,-,-,8000000,8000000,-,2000000,8000000,8000000,8000000,"8844863,0347","4443232,35249843",0,"8162759,14","24014678,2248412","22677987,22",0,8,0,0,0,"711487,873015873",0,"499564645,93",0,2018,2
BME CLEARING,Q2-2018,equity,1000000,-,-,113850000,113850000,-,3000000,113850000,113850000,113850000,"682562936,34","115871606,813189","245161764,02","296944869,19","664524750,439099",640644321,28,0,0,232,27,0,"5637539163,3127",0,"2819548647,5",2018,2
OMI CLEAR,Q2-2018,aggregated,"1941895,15",0,0,"47186200,06","47186200,06",0,"8914324,85","47186200,06","For additional information regarding participants commitment to replenish the default fund, please see OMIClear Instruction B07-2014.",0,"54913420,38","41452173,96","64068766,33","82814140,05","170854125,69","170854125,69",4,9,n.a.,54,4,0,"5183929,69",0,"652679800,41",2018,2
LCHLTD,Q2-2018,commodities,2178206,0,0,253936008,253936008,0,0,253936008,253936008,0,217820664,67625980,0,1422109361,172692350000,162496430000,22,14,2,0,22,,,,,2018,2
LCHLTD,Q2-2018,equities,10170000,0,0,1202270000,1202270000,0,0,1202270000,1202270000,0,824190000,535510000,403498673,12235710000,172692350000,162496430000,7,80,0,0,7,,,454189879,2885642979,2018,2
LCHLTD,Q2-2018,fixed income,13158346,0,0,1537725167,1537725167,0,0,1537725167,1537725167,0,1464607994,860130382,0,5128169497,172692350000,162496430000,11,21,0,19,11,,,,,2018,2
LCHLTD,Q2-2018,OTC FX,48405846,0,0,5643022402,5643022402,0,0,5643022402,5643022402,0,4275751932,3598521528,4554812,118558884938,172692350000,162496430000,55,58,0,20211,55,58691266901,0,1522988422164,0,2018,2
LCHLTD,Q2-2018,interest rates,,,,,,,,,,,,,65829580722,,172692350000,162496430000,,,,,,0,0,0,0,2018,2
ICE CLEAR NETHERLANDS,Q2-2018,aggregated,1875000,0,0,3000000,3000000,0,0,6000000,"See ICNL Rulebook - Rules 908 and 909 
https://www.theice.com/publicdocs/ICNL_Clearing_Rules.pdf",0,0,0,0,0,0,0,3,0,0,,0,,,0,0,2018,2
LCHSA,Q2-2018,cash and derivatives,11490000,0,0,2100510000,2100510000,0,0,2100510000,2100510000,0,1099800000,833770000,3735210000,5081450000,33679220000,33079790000,46,21,0,211,46,,,,,2018,2
LCHSA,Q2-2018,fixed income,6910000,0,0,1262520000,1262520000,0,0,1262520000,1262520000,0,396590000,179640000,91700000,18283680000,33679220000,33079790000,13,46,1,2,13,,,,,2018,2
LCHSA,Q2-2018,OTC CDS,20000000,0,0,1410970000,1410970000,0,0,1410970000,1410970000,0,455770000,272110000,14860000,2304140000,33679220000,33079790000,12,3,0,12,12,5178080001,0,135684265272,0,2018,2
LCHSA,Q2-2018,€GC plus,880000,0,0,161680000,161680000,0,0,161680000,161680000,0,104460000,16970000,339430000,372490000,33679220000,33079790000,1,10,0,,,,,,,2018,2
LCHSA,Q2-2018,equity clear,,,,,,,,,,,,,,,33679220000,33079790000,,,,,,0,,0,,2018,2
LCHSA,Q2-2018,listed derivatives,,,,,,,,,,,,,,,33679220000,33079790000,,,,,,0,0,0,0,2018,2
LME,Q2-2018,aggregated,,0,0,,,0,,,,,,,,,,,55,0,0,,,0,,0,,2018,2
Euro-ccp,Q2-2018,aggregated,4744190,0,0,157964359,180481495,0,0,157964359,157964359,0,269965560,29784055,188108000,850641528,1282568518,1254901781,20,27,2,30,3,2428575498,36806755951,5675025323,108073753298,2018,2
CCG,Q2-2018,equity,6297295,,,2103507000,2103507000,,6297295,3155260500,2103507000,,1623357537,623862187,"1729419191,77","2264452704,68","2535803818,47","2492438137,62",29,16,0,62,14,0,81244412698,0,27248545597,2018,2
CCG,Q2-2018,bound,12877592,,,4301551000,4301551000,,12877592,6452326500,4301551000,,3273633809,1687997522,"338879022,72","8925595799,9","5185573164,79","5096892838,16",17,55,0,30,10,0,1474852443,0,580354322053,2018,2
CCG,Q2-2018,idex,8674,,,2899000,2899000,,8674,4348500,2899000,,9328880,2740661,"1843043,55","1843043,55","3494780,51","3435015,03",6,0,0,7,4,0,8052868016,0,27299396,2018,2
CCG,Q2-2018,agrex,602,,,200000,200000,,602,300000,200000,,122444,10122,0,0,"241102,48","236979,31",3,0,0,1,1,0,295374,0,0,2018,2
CCP AUSTRIA,Q2-2018,aggregated,1875000,0,0,"32320318,92","32320318,92",0,1875000,"161601594,6","161601594,6",0,"29409721,82","16584295,1666667","21989354,48","35029651,69","165422357,545556","156016497,14",7,42,0,,49,0,"304194280,040667",0,"303837131,881396",2018,2
Eurex,Q2-2018,aggregated,150000000,,,3516994538,"4367791953,67",,600000000,,7033989076,365000000,"3368275132,72","2806522890,19","24442260281,57","37266422351,8","52094277622,7","48544508202,83",85,147,0,546,193,,,,,2018,2
KELER,Q1-2018,TEA,797444,15997, N/A ,8094705,8094705,                               -  ,                     -  ,                           -  ,8094705,                     -  ,"8682982,5668853","1061521,89034207","6369931,66213406","7896381,27339626","52331015,46","49589601,28",10,10,0,,20,0,"8560186,54098361",0,"47232751,4746718",2018,1
KELER,Q1-2018,KGA,687972,15997, N/A ,6981283,6981283,                               -  ,                     -  ,                           -  ,6981283,                     -  ,"6900994,7656535","2430969,10157293","18236123,8201888","29473977,8275476",66556920,"63231853,03",8,4,0,1087,12,0,"25521,6557377049",0,"29162620,6022702",2018,1
KELER,Q1-2018,TP KGA,274438,15997, N/A ,2775282,2775282,                               -  ,                     -  ,                           -  ,2775282,                     -  ,,,0,"8499401,91969285","19386283,65","19367699,01",0,39,0,,0,0,0,0,0,2018,1
KELER,Q1-2018,CEEGEX KGA,100388,17000, N/A ,1000000,1000000,                               -  ,                     -  ,                           -  ,1000000,                     -  ,"390536,295792673","61061,4564238878",0,"1329418,00031995","17184197,32","16827703,99",0,25,0,,0,0,0,0,0,2018,1
Kdpw,Q1-2018,organised market,1753632,41254069,11124355,37333992,43910151,103950,0,18666996,37230041,0,"212450565,17",56792333,127925769,134047310,272455718,271339902,10,23,0,,,0,210432168,0,405173703,2018,1
Kdpw,Q1-2018,OTC market,1334408,41254069,11124355,27525368,27525368,90706,0,13762684,27434661,0,"116362192,955093","93560826,2708361",0,32273805,44286839,44286839,2,13,0,,,158180765,0,72676221915,0,2018,1
ICE CLEAR EUROPE,Q1-2018,F&O,81162243,0,0,2272542813,2333586659,0,0,4545085626,,0,1973934910,1385394242,23886458939,28580939877,31582801887,30467458605,72,0,0,Not available,63,0,0,0,0,2018,1
ICE CLEAR EUROPE,Q1-2018,CDS,40571243,0,0,943553007,950435606,0,0,943553007,,0,132223397,27774900,1078285913,5918621478,6509772267,6340364916,22,0,0,Not available,13,6883662293,0,,0,2018,1
Nasdaq,Q1-2018,Financial Markets,8751203,0,13646269,263659169,242146353,42303434,21351299,198068901,198068901,0,224724844,152195741,1902758475,3296815391,4216324735,3941242177,18,22,0,3486,39,11100791200,3251428890,362057253200,8131698046,2018,1
Nasdaq,Q1-2018,Commodities,4731398,0,6450641,152950000,129235901,19996989,10289079,133000000,133000000,0,115938930,75501533,765677111,1527882508,1563723666,1535161613,14,84,0,230,172,0,169989130,0,9678893228,2018,1
Nasdaq,Q1-2018,Seafood,473375,0,145759,6060762,7988006,451855,353426,5270228,5270228,0,10168273,6249256,9358680,38259364,45161563,43458560,,,,21,21,0,1061796,0,200574356,2018,1
BME CLEARING,Q1-2018,financial derivatives,2000000,-,-,384150000,384150000,-,4000000,768300000,768300000,384150000,"428460956,6","332139280,124703","782102567,42","1968950195,79","2221556815,09934","2069278190,65994",36,0,0,41954,33,0,"3012736825,39682",0,"16008711084,54",2018,1
BME CLEARING,Q1-2018,repo,1000000,-,-,27000000,27000000,-,2000000,54000000,54000000,27000000,"59546943,39","20219182,2170356","9163237,48","1632725579,19","1816055702,90728","1785347553,84996",0,27,0,16,1,0,"1125482237,54296",0,"12812299707,1895",2018,1
BME CLEARING,Q1-2018,power,500000,-,-,11600000,11600000,-,1000000,23200000,23200000,11600000,"16185622,88","11624850,998498","54615555,88","54615555,88","53269965,7798696","53142015,7452524",6,0,0,123,6,0,"1991447,39873016",0,"364949939,205",2018,1
BME CLEARING,Q1-2018,IRS,1000000,-,-,8000000,8000000,-,2000000,16000000,16000000,8000000,"9661830,8546","6339617,49555811",0,"8996543,78","35441064,511495","33365849,8809331",0,9,0,0,0,"235358,667619048",0,"484740909,93",0,2018,1
BME CLEARING,Q1-2018,equity,1500000,-,-,93250000,93250000,-,3000000,186500000,186500000,93250000,749432256,"119458165,544822","249021678,29","284606755,47","548505961,446138","526219043,323914",28,0,0,252,27,0,"4537123266,06444",0,"2637929155,69",2018,1
OMI CLEAR,Q1-2018,aggregated,"1941895,15",0,0,"53576822,39","53576822,39",0,"8914324,85","53576822,39","For additional information regarding participants commitment to replenish the default fund, please see OMIClear Instruction B07-2014.",0,"55692291,22","43106930,6","74608191,76","99567750,51","183503090,75","183503090,75",4,10,n.a.,70,4,0,"4028434,82",0,"672536249,73",2018,1
LCHLTD,Q1-2018,commodities,2011658,0,0,257172248,257172248,0,0,257172248,257172248,0,137478568,56509315,0,2172819750,163490700000,153910140000,22,14,2,0,22,,,,,2018,1
LCHLTD,Q1-2018,equities,11260000,0,0,1431230000,1431230000,0,0,1431230000,1431230000,0,824190000,527770000,493770716,11988000000,163490700000,153910140000,7,77,0,0,7,0,0,443002454,2758314384,2018,1
LCHLTD,Q1-2018,fixed income,15932148,0,0,2035484132,2035484132,0,0,2035484132,2035484132,0,1385796607,904821037,0,3406379352,163490700000,153910140000,11,19,0,21,11,,,,,2018,1
LCHLTD,Q1-2018,OTC FX,44862269,0,0,5729797691,5729797691,0,0,5729797691,5729797691,0,3871985369,3597291118,14609203,111905360612,163490700000,153910140000,55,54,0,19690,55,54970546215,0,1400459305244,0,2018,1
LCHLTD,Q1-2018,interest rates,,,,,,,,,,,,,62649445650,,163490700000,153910140000,,,,,,0,0,0,0,2018,1
ICE CLEAR NETHERLANDS,Q1-2018,aggregated,1875000,0,0,3000000,3000000,0,0,6000000,See ICNL Rulebook - Rules 908 and 909.  https://www.theice.com/publicdocs/ICNL_Clearing_Rules.pdf,0,4737587,1604793,0,0,0,0,3,0,0,,0,,0,0,0,2018,1
LCHSA,Q1-2018,cash and derivatives,13020000,0,0,2100500000,2100500000,0,0,2100500000,2100500000,0,1075290000,810540000,3215640000,4257150000,24818870000,24411990000,46,23,0,221,46,,,,,2018,1
LCHSA,Q1-2018,fixed income,8180000,0,0,1320170000,1320170000,0,0,1320170000,1320170000,0,329850000,158590000,109350000,16141050000,24818870000,24411990000,13,44,1,2,13,,,,,2018,1
LCHSA,Q1-2018,OTC CDS,20000000,0,0,1018300000,1018300000,0,0,1018300000,1018300000,0,455770000,288880000,20050000,2300080000,24818870000,24411990000,11,2,0,9,11,5135990000,0,136370470000,0,2018,1
LCHSA,Q1-2018,€GC plus,1090000,0,0,175270000,175270000,0,0,175270000,175270000,0,148760000,57280000,338150000,403890000,24818870000,24411990000,1,9,0,,,,,,,2018,1
LCHSA,Q1-2018,equity clear,,,,,,,,,,,,,,,24818870000,24411990000,,,,,,0,,0,,2018,1
LCHSA,Q1-2018,listed derivatives,,,,,,,,,,,,,,,24818870000,24411990000,,,,,,0,0,0,0,2018,1
LME,Q1-2018,aggregated,16475934,0,0,1148619746,1148619746,0,16475934,1148619746,1148619746,32951870,1042402527,668839783,8875774272,11877261285,6810341011,7043135994,55,0,0,,,0,110468864329,0,113296053427,2018,1
Euro-ccp,Q1-2018,aggregated,4744190,0,0,190462315,213499824,0,0,190462315,190462315,0,213944351,26535467,208385879,994014591,844848721,827460707,20,27,2,30,3,0,0,0,0,2018,1
CCG,Q1-2018,equity,"4759052,62",,,1203730000,1203730000,,"4759052,62",1805595000,1203730000,,1028000,570071,"1864365820,53","2378324348,48","2136424227,14","2112421483,57",29,16,0,60,14,0,76127595238,0,42604406308,2018,1
CCG,Q1-2018,bound,"14242093,48",,,3602321000,3602321000,,"14242093,48",5403481500,3602321000,,,,"118239388,52","7432024809,71","6393531654,39","6321700274,23",17,57,0,31,10,0,1367640278,0,847654325704,2018,1
CCG,Q1-2018,idex,"9883,97",,,2500000,2500000,,"9883,97",3750000,2500000,,,,"1476931,63","1476931,63","4437091,85","4387241,08",6,0,0,7,4,0,7681008325,0,31216535,2018,1
CCG,Q1-2018,agrex,"790,72",,,200000,200000,,"790,72",300000,200000,,,,0,0,"354967,35","350979,29",3,0,0,1,1,0,157140,0,0,2018,1
CCP AUSTRIA,Q1-2018,aggregated,1875000,0,0,"33083722,25","33083722,25",0,1875000,"165418611,25","165418611,25",0,"26548196,36","15881865,06","20528345,13","34900994,1","203284176,9","194117486,3",7,42,0,,49,0,"285782352,383811",0,"280427493,374618",2018,1
Eurex,Q1-2018,aggregated,150000000,,,3147579153,"4008404969,36",,600000000,,6295158306,315000000,"3493142700,79","2863011770,94","23161250968,49","38258913474,55","52351554815,49","48951941453,31",84,144,0,531,189,,,,,2018,1
Kdpw,Q4-2017,organised market,1844467,42725049,10074710,43404256,50135009,210112,0,21702128,43194143,0,"212450565,17","63445531,55",175676212,181665014,321668789,320504426,10,23,0,,,0,229412558,0,369086955,2017,4
Kdpw,Q4-2017,OTC market,1275017,,,30003876,30003876,92078,0,15001938,29911797,0,"110909976,555967","92228592,619808",0,27192017,39296662,39296662,2,13,0,,,94229921,0,64953650944,0,2017,4
ICE CLEAR EUROPE,Q4-2017,F&O,83381972,0,0,1917785374,1977117102,0,0,3835570749,,0,2001167347,1381533251,24128004811,28660265832,31941537037,30866725010,72,0,0,Not available,63,0,0,0,0,2017,4
ICE CLEAR EUROPE,Q4-2017,CDS,41656252,0,0,804593824,812792473,0,0,804593824,,0,132223397,29276556,882528135,5390428374,5890760105,5729061222,22,0,0,Not available,13,6613914420,0,,0,2017,4
Nasdaq,Q4-2017,Financial Markets,9650744,0,14318168,286764257,265158125,42238596,21848477,219325870,219325870,0,234781052,169897889,2275054040,3538716727,4260550492,3979408314,18,22,0,3486,39,11795411522,3201599475,372322315000,9372542014,2017,4
Nasdaq,Q4-2017,Commodities,4598264,0,6965701,85100000,117975262,20548820,10597219,74000000,74000000,0,98775038,71956239,790375040,1462529900,1831149996,1758276789,13,86,0,230,225,0,166366051,0,8250449517,2017,4
Nasdaq,Q4-2017,Seafood,497371,0,153148,6895114,7720141,451788,363761,5995752,5995752,0,9999530,6680297,4536141,25816988,26431857,25790394,,,,21,21,0,3223940,0,219139355,2017,4
BME CLEARING,Q4-2017,financial derivatives,2000000,-,-,341050000,341050000,-,4000000,682100000,682100000,341050000,"415901572,28","281700432,04298","1231882238,22","2198469355,61","2513224563,49991","2349927191,84982",38,0,0,42775,33,0,"3412149206,34921",0,"16735799835,25",2017,4
BME CLEARING,Q4-2017,repo,1000000,-,-,28000000,28000000,-,2000000,56000000,56000000,28000000,"83624817,23","22918862,4603137","2116247,92","1291836830,6","1775456383,4464","1730858382,00811",0,28,0,1,1,0,"2147561134,77892",0,"17868539938,5275",2017,4
BME CLEARING,Q4-2017,power,500000,-,-,13200000,13200000,-,1000000,26400000,26400000,13200000,"16185622,88","11314466,5114118","79033552,61","79033552,61","78909861,0533737","78732192,9255973",6,0,0,168,6,0,"2627670,12761905",0,"490426526,175",2017,4
BME CLEARING,Q4-2017,IRS,1000000,-,-,8000000,8000000,-,2000000,16000000,16000000,8000000,"15905959,9772","8481269,38517058",0,"7959389,49","31962562,3223611","30198249,0595962",0,9,0,0,0,"24825396,8253968",0,"469913313,87",0,2017,4
BME CLEARING,Q4-2017,equity,1500000,-,-,88250000,88250000,-,3000000,176500000,176500000,88250000,749432256,"127219022,271686","198285453,89","202904762,57","424144037,792022","404341742,336881",28,0,0,258,27,0,"4983780341,47143",0,"1835750898,48",2017,4
OMI CLEAR,Q4-2017,aggregated,"1941895,15",0,0,"44473268,6","44473268,6",0,"8460368,85","44473268,6","For additional information regarding participants commitment to replenish the default fund, please see OMIClear Instruction B07-2014.",0,"55692291,22","42157879,65","90694591,3","115871902,83","193768073,01","193768073,01",4,10,n.a.,70,4,0,"6279412,75",0,"732377675,28",2017,4
LCHLTD,Q4-2017,commodities,200116,0,0,23155173,23155173,0,0,23155173,23155173,0,10681230,4194113,0,0,153338250000,144120470000,19,0,0,Unknown,19,,,,,2017,4
LCHLTD,Q4-2017,equities,2209122,0,0,253598277,253598277,0,0,253598277,253598277,0,92027997,46177428,282283060,1128760298,153338250000,144120470000,22,13,2,Unknown,22,0,0,468866178,1708497610,2017,4
LCHLTD,Q4-2017,fixed income,10110000,0,0,1158720000,1167270000,0,0,1158720000,1158720000,0,714070000,531840000,0,10414000000,153338250000,144120470000,7,75,0,0,7,,,,,2017,4
LCHLTD,Q4-2017,OTC FX,12307179,0,0,1410205953,1410205953,0,0,1410205953,1410205953,0,1394897023,874059868,10130909,4479729842,153338250000,144120470000,11,19,0,17,11,42677461843,0,990260368540,0,2017,4
LCHLTD,Q4-2017,interest rates,49198065,0,0,5635517284,5635517284,0,0,5635517284,5635517284,0,4054698330,3594175129,57876762507,104498269896,153338250000,144120470000,54,55,0,19265,54,2091991403234,0,178545785206336,0,2017,4
ICE CLEAR NETHERLANDS,Q4-2017,aggregated,1875000,0,0,3000000,3000000,0,0,6000000,See ICNL Rulebook - Rules 908 and 909.  https://www.theice.com/publicdocs/ICNL_Clearing_Rules.pdf,0,4822421,1830384,0,0,0,0,3,1,0,,1,,0,0,0,2017,4
LCHSA,Q4-2017,cash and derivatives,12630000,0,0,2100650000,2100650000,0,0,2100650000,2100650000,0,1075290000,762830000,3471550000,4536530000,25467000000,24921910000,46,23,0,223,46,,,,,2017,4
LCHSA,Q4-2017,fixed income,8830000,0,0,1468200000,1468200000,0,0,1468200000,1468200000,0,329850000,212260000,7950000,15627140000,25467000000,24921910000,13,44,1,2,13,,,,,2017,4
LCHSA,Q4-2017,OTC CDS,20000000,0,0,1048660000,1048660000,0,0,1048660000,1048660000,0,358240000,253620000,14890000,2016400000,25467000000,24921910000,11,2,0,7,11,3316381085,0,121314497809,0,2017,4
LCHSA,Q4-2017,€GC plus,840000,0,0,140030000,140030000,0,0,140030000,140030000,0,138400000,55000000,3650000,4320000,25467000000,24921910000,1,9,0,,,,,,,2017,4
LCHSA,Q4-2017,equity clear,,,,,,,,,,,,,,,25467000000,24921910000,,,,,,0,,0,670837279,2017,4
LCHSA,Q4-2017,listed derivatives,,,,,,,,,,,,,,,25467000000,24921910000,,,,,,0,0,0,0,2017,4
LME,Q4-2017,aggregated,16926540,0,0,977920506,977920506,0,16926540,977920506,977920506,33853080,947811829,565042549,10597688829,13939495039,8928166624,9240030043,55,0,0,,,0,92396036206,0,131597503448,2017,4
Euro-ccp,Q4-2017,aggregated,4335767,0,0,240284920,256385208,0,0,240284920,240284920,0,138707696,23382070,,,1058682135,1034850145,21,27,2,31,3,0,0,0,0,2017,4
CCG,Q4-2017,equity,"4801123,36",,,1302433000,1302433000,,"4801123,36",1953649500,1302433000,,"141652,37","17906,56","1513629392,48","2026555220,68","2157548736,87","1945862118,95",29,15,0,49,15,0,92012103174,0,20491291167,2017,4
CCG,Q4-2017,bound,"14015047,07",,,3801956000,3801956000,,"14015047,07",5702934000,3801956000,,,,"115114476,78","7324403798,54","6298139992,94","5680201713,5",17,54,0,26,10,0,1561284611,0,438697667062,2017,4
CCG,Q4-2017,idex,"42108,29",,,11423000,11423000,,"42108,29",17134500,11423000,,,,"3736081,03","3736081,03","18922800,04","17066200,71",6,0,0,9,4,0,6043214318,0,61550307,2017,4
CCG,Q4-2017,agrex,"976,86",,,265000,265000,,"976,86",397500,265000,,,,0,0,"438986,43","395915,54",3,0,0,1,2,0,667858,0,0,2017,4
CCP AUSTRIA,Q4-2017,aggregated,1875000,0,0,"23340001,84","23340001,84",0,1875000,"116700009,2","116700009,2",0,"26548196,36","16337938,7166667","15623080,56","24986861,88","196928749,49","187702356,49",7,42,0,,49,0,"284087172,238683",0,"296971841,503334",2017,4
Eurex,Q4-2017,aggregated,150000000,,,3193111839,"4177965990,93",,600000000,,6386223678,315000000,"3493142700,79","2837838777,09","24293581475,42","38211023503,4","51337642350,48","47912943184,09",84,145,0,535,190,,,,,2017,4
KELER,Q3-2017,TEA,"594275,375124506","16065,2893358609",,"6226906,1465797","6226906,1465797",0,0,0,"6226906,1465797",0,"4428985,61835299","1261004,32922564","6935789,58647945","8855726,76155898","54298539,1786058","53365984,7925971",11,10,0,,18,0,"9014623,01538462",0,"33273339,6278807",2017,3
KELER,Q3-2017,KGA,"867709,333933104","16065,2893358609",,"9099379,87983163","9099379,87983163",0,0,0,"9099379,87983163",0,"6930263,51574398","2481004,98744","16480384,2495903","27289390,2580085","63615757,6411972","62128525,8619028",8,4,0,1093,9,0,"26578,1538461538",0,"30558127,4223882",2017,3
KELER,Q3-2017,TP KGA,"310168,897599846","16065,2893358609",,"3242315,67008322","3242315,67008322",0,0,0,"3242315,67008322",0,,,0,"10290250,7052662","17978835,53642","17978835,53642",0,37,0,,0,0,0,0,0,2017,3
KELER,Q3-2017,CEEGEX KGA,"64229,4541014684","16065,2893358609",,"658676,862770298","658676,862770298",0,0,0,"658676,862770298",0,"392192,652539922","57014,0875519011",0,"1556810,07614947","9924563,02927787","9924087,31163448",0,21,0,,0,0,0,0,0,2017,3
Kdpw,Q3-2017,organised market,1635548,40074897,9776976,33656792,40903414,91586,0,16828396,33565206,0,160884708,59990378,144661271,150719158,294828189,292278318,10,23,0,,,0,197823894,0,469819972,2017,3
Kdpw,Q3-2017,OTC market,1382581,,,28451165,28451165,136810,0,14225582,28314354,0,"109867992,373638","68588377,4783578",0,27829816,39578554,39578554,2,14,0,,,71866214,0,64716602386,0,2017,3
ICE CLEAR EUROPE,Q3-2017,F&O,84702693,0,0,1948161951,1996003426,0,0,3896323903,,0,2032864645,1239693751,25086743209,29599092954,33660468343,32414705667,73,0,0,Not available,63,0,0,0,0,2017,3
ICE CLEAR EUROPE,Q3-2017,CDS,42326250,0,0,814009255,815801659,0,0,814009255,,0,132223397,39763128,886730990,5681212953,6359304395,6191871198,22,0,0,Not available,13,8013302806,0,,0,2017,3
Nasdaq,Q3-2017,Financial Markets,9845579,0,13503158,244051197,270511302,1829206,4062640,186444191,186444191,0,243780879,193244037,1925218058,3203886819,4597616605,4066407016,18,23,0,4157,40,9171018247,2854049274,298874612610,8627850606,2017,3
Nasdaq,Q3-2017,Commodities,4338089,0,6571573,97750000,117975262,50268661,23790196,85000000,85000000,0,98775039,78221458,915726566,1559233668,2026458728,1949452721,13,88,0,234,179,0,151795043,0,8993855865,2017,3
Nasdaq,Q3-2017,Seafood,481915,0,148389,5131474,8071023,3460309,1698117,4462151,4462151,0,16077556,6501192,7816613,35208337,38577829,38213894,,,,22,22,0,3473974,0,256020664,2017,3
BME CLEARING,Q3-2017,financial derivatives,2000000,-,-,212300000,212300000,-,4000000,424600000,424600000,212300000,"350968612,64","209141479,300664","1251744302,41","2349773717,1","2700488939,99814","2535565971,1074",33,0,0,75720,33,0,"2589655076,92308",0,"18045840338,2463",2017,3
BME CLEARING,Q3-2017,repo,1000000,-,-,28000000,28000000,-,2000000,56000000,56000000,28000000,"83624817,23","23584335,0178515",0,"1157292718,99","1619830843,15844","1590458329,82487",0,28,0,16,1,0,"1956229419,48441",0,"12617213825,87",2017,3
BME CLEARING,Q3-2017,power,500000,-,-,6050000,6050000,-,1000000,12100000,12100000,6050000,"21539150,61","12054126,3532813","81403225,4","81403225,4","79361855,0120577","79251140,7277576",6,0,0,150,6,0,"2444018,14315385",0,"506972657,425",2017,3
BME CLEARING,Q3-2017,IRS,1000000,-,-,9000000,9000000,-,2000000,18000000,18000000,9000000,"25007487,7","12279027,4547113",0,"18532714,16","46520922,5067737","44408722,4546626",0,10,0,0,0,"3557692,30769231",0,"1248913313,87",0,2017,3
BME CLEARING,Q3-2017,equity,1500000,-,-,111000000,111000000,-,3000000,222000000,222000000,111000000,749432256,"123067655,216328","331422270,46","338196717,51","698221697,432338","668216210,61531",29,0,0,275,30,0,"3964587948,04092",0,"3351322387,01",2017,3
OMI CLEAR,Q3-2017,aggregated,"1941895,15",0,0,"54345021,05","54345021,05",0,"8460368,85","54345021,05","For additional information regarding participants commitment to replenish the default fund, please see OMIClear Instruction B07-2014.",0,"55692291,22","42778501,51","90661608,1","113319146,44","190646197,11","190646197,11",4,10,n.a.,74,4,0,"5292849,09",0,"740244318,36",2017,3
LCHLTD,Q3-2017,commodities,135524,0,0,15348128,15348128,0,0,15348128,15348128,0,10850415,3769269,77994240,78815856,153362770000,144392470000,19,0,0,Unknown,19,,,,,2017,3
LCHLTD,Q3-2017,equities,1530994,0,0,173138424,173138424,0,0,173138424,173138424,0,92596792,32377690,363877611,1615051373,153362770000,144392470000,22,13,2,Unknown,22,,,481043372,2467996012,2017,3
LCHLTD,Q3-2017,fixed income,9610000,0,0,1082320000,1082320000,0,0,1082320000,1082320000,0,835490000,530240000,0,12723000000,153362770000,144392470000,8,72,0,0,8,,,,,2017,3
LCHLTD,Q3-2017,OTC FX,12764695,0,0,1448585465,1448585465,0,0,1448585465,1448585465,0,1416991360,775791970,34473996,3083017109,153362770000,144392470000,11,18,0,17,11,39872192101,0,1281436574617,0,2017,3
LCHLTD,Q3-2017,interest rates,49967111,0,0,5670348613,5670348613,0,0,5670348613,5670348613,0,5176268456,3639649345,54698450860,102088956429,153362770000,144392470000,54,55,0,18831,54,2005306162171,0,192654778120320,0,2017,3
ICE CLEAR NETHERLANDS,Q3-2017,aggregated,1875000,0,0,3000000,3000000,0,0,6000000,"See ICNL Rulebook paragraph 7.6 and 7.7: 
https://www.theice.com/publicdocs/Clear_Netherlands_Rulebook.pdf",0,15604102,2221840,0,0,0,0,3,1,0,,1,,,0,0,2017,3
LCHSA,Q3-2017,cash and derivatives,13140000,0,0,2100560000,2100560000,0,0,2100560000,2100560000,0,1075290000,626520000,3362370000,4806620000,25829170000,25324150000,45,22,0,245,45,,,,,2017,3
LCHSA,Q3-2017,fixed income,10220000,0,0,1633380000,1633380000,0,0,1633380000,1633380000,0,329850000,224160000,7800000,16078760000,25829170000,25324150000,14,44,1,2,14,,,,,2017,3
LCHSA,Q3-2017,OTC CDS,20000000,0,0,729450000,729450000,0,0,729450000,729450000,0,351940000,237370000,10850000,2018540000,25829170000,25324150000,11,2,0,5,11,4602014116,0,115003389794,0,2017,3
LCHSA,Q3-2017,€GC plus,680000,0,0,109320000,109320000,0,0,109320000,109320000,0,157000000,65900000,400020000,475330000,25829170000,25324150000,1,9,0,,,,,,,2017,3
LCHSA,Q3-2017,equity clear,,,,,,,,,,,,,,,25829170000,25324150000,,,,,,0,,0,1653580286,2017,3
LCHSA,Q3-2017,listed derivatives,,,,,,,,,,,,,,,25829170000,25324150000,,,,,,0,0,0,0,2017,3
LME,Q3-2017,aggregated,15754700,0,0,798011046,798011046,0,15754700,798011046,798011046,31509401,792283546,434200314,5249599242,6951276444,7554764555,7813153479,55,0,0,,,0,89000892968,0,121172867607,2017,3
Euro-ccp,Q3-2017,aggregated,4335767,0,0,240284920,260067319,0,0,240284920,240284920,0,138707696,22551188,194780877,872847677,1625490516,1603086851,21,27,2,31,3,0,0,0,0,2017,3
CCG,Q3-2017,equity,"4085555,22",,,902409000,902409000,,"4085555,22",1353613500,902409000,,1254031199,"567614642,09","1404587249,99","1952558302,67","1757107772,4","1737728310,19",29,18,0,52,15,0,69173053846,0,22756699595,2017,3
CCG,Q3-2017,bound,"14951253,5",,,3302402000,3302402000,,"14951253,5",4953603000,3302402000,,3343743355,"1940217957,61","136757784,85","7013904887,44","6430206504,8","6359286584,04",17,56,0,30,10,0,1258155995,0,547956314807,2017,3
CCG,Q3-2017,idex,"42652,52",,,9421000,9421000,,"42652,52",14131500,9421000,,10150219,"4501327,22","8552118,64","8584774,07","18343913,15","18141594,79",6,0,0,11,4,0,5374051735,0,100310733,2017,3
CCG,Q3-2017,agrex,"1199,76",,,265000,265000,,"1199,76",397500,265000,,"141652,37","28000,48","12346,12","12346,12","515989,49","510298,55",3,0,0,2,2,0,865728,0,67650,2017,3
CCP AUSTRIA,Q3-2017,aggregated,1875000,0,0,"33517140,78","33517140,78",0,1875000,"167585703,9","167585703,9",0,"26442157,41","14108862,3391667","20888406,47","33784545,92","162236357,545556","153149097,14",7,41,0,,48,0,"261003167,49261",0,"248470704,394688",2017,3
Eurex,Q3-2017,aggregated,150000000,,,3035824196,"4147136594,8",,600000000,,6071648392,315000000,"3493142700,79","2819264645,73","24914363927,25","38840102862,73","49993999738,72","46709190447,26",85,150,0,550,196,,,,,2017,3
KELER,Q2-2017,TEA,"694902,904134425","16188,0402758442",,"6293910,05924823","6293910,05924823",0,0,0,"6293910,05924823",0,"4462826,41240651","1299559,22135296","4195359,46838476","5844232,66422767","52352501,3578664","51498076,7118853",11,10,0,,17,0,"7419961,75384616",0,"36843940,3353023",2017,2
KELER,Q2-2017,KGA,"748879,415287985","16188,0402758442",,"6782788,87557872","6782788,87557872",0,0,0,"6782788,87557872",0,"6983215,9614239","1730968,17064319","23543690,128533","41047960,3231133","74062916,7711583","72169041,0755334",8,4,0,1160,8,0,"28952,7846153846",0,"31524649,3386116",2017,2
KELER,Q2-2017,TP KGA,"358836,497555606","16188,0402758442",,"3250072,2666494","3250072,2666494",0,0,0,"3250072,2666494",0,,,0,"10205972,9918736","17614695,8267232","17609074,4326092",0,35,0,,0,0,0,0,0,2017,2
KELER,Q2-2017,CEEGEX KGA,"88650,1634992068","16188,0402758442",,"802926,797681873","802926,797681873",0,0,0,"802926,797681873",0,"368532,521772914","42991,1629498641",0,"406669,472593648","6261182,48454042","6261182,48454042",0,19,0,,0,0,0,0,0,2017,2
Kdpw,Q2-2017,organised market,1845891,40817429,9958130,46208895,52097929,128890,0,23104447,46080004,0,160884708,54230273,141489281,147948720,290486409,287854418,10,23,0,,,0,234240464,0,323815835,2017,2
Kdpw,Q2-2017,OTC market,1232601,,,30856160,30856160,118060,0,15428080,30738099,0,"109815896,300926","74806831,2692228",0,27103568,39076529,39076529,2,14,0,,,158282316,0,66884545302,0,2017,2
ICE CLEAR EUROPE,Q2-2017,F&O,87627059,0,0,1664914125,1838796485,0,0,3329828250,,0,1716927921,1112962411,27754775670,33483456745,36824759013,35529327736,73,0,0,Not available,64,0,0,0,0,2017,2
ICE CLEAR EUROPE,Q2-2017,CDS,28881498,14878347,0,825518577,843582482,0,0,825518577,,0,130723166,50980790,504492938,5078036728,5667762613,5515270678,22,0,0,Not available,12,6594303153,0,,0,2017,2
Nasdaq,Q2-2017,Financial Markets,10373659,0,5086476,242520591,270769472,16149564,10431201,186622129,186622129,0,244013538,173772682,1989990989,3515329510,4587854772,4149831845,18,23,0,4175,40,10732104583,2929644777,305928854058,8551281405,2017,2
Nasdaq,Q2-2017,Commodities,5717255,0,15038362,97750000,117975262,47746799,22605797,85000000,85000000,0,98775039,62782567,880253289,1515112638,2123398986,2062139499,13,87,0,230,178,0,146378709,0,8326819938,2017,2
Nasdaq,Q2-2017,Seafood,518809,0,653526,5526939,7937114,2074947,1071603,4806034,4806034,0,15810809,5123717,8479730,42031418,50825454,50208416,,,,22,22,0,3604754,0,259097416,2017,2
BME CLEARING,Q2-2017,financial derivatives,2000000,-,-,139650000,139650000,-,4000000,279300000,279300000,-,"322802264,66","150230855,508638","1071362055,14","2076562604,72","2359665458,23364","2223429054,35336",34,0,-,77355,34,0,"2863824193,54839",0,"15877431661,23",2017,2
BME CLEARING,Q2-2017,repo,1000000,-,-,29000000,29000000,-,2000000,58000000,58000000,-,"83624817,23","29044919,6473541",0,"1451802784,34","2037003538,2337","2011949167,20534",0,29,-,0,0,0,"1850900317,78091",0,"15011850591,3254",2017,2
BME CLEARING,Q2-2017,power,500000,-,-,6950000,6950000,-,1000000,13900000,13900000,-,"21539150,61","11829769,1526459","47603371,63","47603371,63","62521653,3082555","62187284,8638624",6,0,-,150,6,0,"3478666,90669355",0,"476011351,264999",2017,2
BME CLEARING,Q2-2017,IRS,1000000,-,-,9000000,9000000,-,2000000,18000000,18000000,-,25102366,"14908948,1975735",0,"26623142,97","50110958,5921529","47889278,4004855",0,9,-,0,0,"2709430,09467742",0,"1017663313,87",0,2017,2
BME CLEARING,Q2-2017,equity,1500000,-,-,108550000,108550000,-,3000000,217100000,217100000,-,749432256,"108595240,024241","359203096,77","384395627,75","871046831,775574","846872637,586045",30,0,-,260,30,0,"6526019046,08774",0,"3667945863,18",2017,2
OMI CLEAR,Q2-2017,aggregated,"1941895,15",0,0,"50754864,5","50754864,5",0,"8460368,85","50754864,5","For additional information regarding participants commitment to replenish the default fund, please see OMIClear Instruction B07-2014.",0,"55692291,22","44476304,14","85032780,61","104867096,77","193277608,09","193277608,09",4,10,n.a.,73,4,0,"4580161,39",0,"776854908,69",2017,2
LCHLTD,Q2-2017,commodities,184016,0,0,24447949,24447949,0,0,24447949,24447949,0,15509989,4100946,111163687,113038906,151673290000,142946690000,19,0,0,Unknown,19,,,,,2017,2
LCHLTD,Q2-2017,equities,1921917,0,0,255876633,255876633,0,0,255876633,255876633,0,99871493,23608884,414315444,2000011372,151673290000,142946690000,22,13,2,Unknown,22,,,502502504,3039244791,2017,2
LCHLTD,Q2-2017,fixed income,8460000,0,0,1125410000,1125410000,0,0,1125410000,1125410000,0,1428130000,532490000,0,11513000000,151673290000,142946690000,8,71,0,0,8,,,,,2017,2
LCHLTD,Q2-2017,OTC FX,20399579,0,0,2710997195,2710997195,0,0,2710997195,2710997195,0,2041368734,681493165,184016,4101340694,151673290000,142946690000,11,16,0,17,11,32373913419,0,1022701366976,0,2017,2
LCHLTD,Q2-2017,interest rates,42896296,0,0,5700931390,5700931390,0,0,5700931390,5700931390,0,4268715954,3543572947,54021812061,100963233370,151673290000,142946690000,55,55,0,18358,55,2406243664135,0,197014718866154,0,2017,2
ICE CLEAR NETHERLANDS,Q2-2017,aggregated,1875000,0,0,10500000,10500000,0,20000000,21000000,"See ICNL Rulebook paragraph 7.6 and 7.7: 
https://www.theice.com/publicdocs/Clear_Netherlands_Rulebook.pdf",0,15604102,2688783,0,0,0,0,3,1,0,,1,,,0,0,2017,2
LCHSA,Q2-2017,cash and derivatives,11990000,0,0,1750880000,1750880000,0,0,1750880000,1750880000,0,1075290000,504060000,3524870000,4702290000,26357840000,25946880000,45,25,0,245,45,,,,,2017,2
LCHSA,Q2-2017,fixed income,11080000,0,0,1617410000,1617410000,0,0,1617410000,1617410000,0,317740000,229490000,0,16151460000,26357840000,25946880000,14,44,1,2,14,,,,,2017,2
LCHSA,Q2-2017,OTC CDS,20000000,0,0,703030000,703030000,0,0,703030000,703030000,0,351940000,223460000,0,1827490000,26357840000,25946880000,11,2,0,4,11,0,0,0,0,2017,2
LCHSA,Q2-2017,€GC plus,720000,0,0,104460000,104460000,0,0,104460000,104460000,0,157000000,72200000,392880000,457200000,26357840000,25946880000,1,9,0,,,,,,,2017,2
LCHSA,Q2-2017,equity clear,,,,,,,,,,,,,,,26357840000,25946880000,,,,,,0,0,0,0,2017,2
LCHSA,Q2-2017,listed derivatives,,,,,,,,,,,,,,,26357840000,25946880000,,,,,,0,0,0,0,2017,2
LME,Q2-2017,aggregated,16298633,0,0,501092411,501092411,0,16298633,501092411,501092411,32597266,477029410,320982927,5106895151,6769175857,,,0,0,0,0,0,0,0,0,0,2017,2
Euro-ccp,Q2-2017,aggregated,4335767,0,0,240284920,264777735,0,0,240284920,240284920,0,138707696,21070119,182874460,946192578,1547953029,1522798773,21,26,2,31,2,0,0,0,0,2017,2
CCG,Q2-2017,equity,"5417882,97",,,1802448000,1802448000,,"5417882,97",2703672000,1802448000,,1254031199,567611984,"1623302406,65","2347411273,74","3136614890,72","3102554609,24",30,18,0,55,15,0,75115072580,0,28117183880,2017,2
CCG,Q2-2017,bound,"13222922,53",,,4399067000,4399067000,,"13222922,53",6598600500,4399067000,,3343743355,1880087101,"166118480,76","9147125789,54","7655243900,22","7572116142,72",17,57,0,31,10,0,1837503922,0,511740559695,2017,2
CCG,Q2-2017,idex,"38919,7",,,12948000,12948000,,"38919,7",19422000,12948000,,10150219,4012673,"10854633,38","10901185,58","22532072,83","22287398,63",7,0,0,11,5,0,6816990863,0,133534968,2017,2
CCG,Q2-2017,agrex,"751,46",,,250000,250000,,"751,46",375000,250000,,265437,68884,"190023,72","190023,72","435049,29","430325,12",3,0,0,2,2,0,994152,0,1206500,2017,2
CCP AUSTRIA,Q2-2017,aggregated,1875000,0,0,"38013849,85","38013849,85",0,1875000,"190069249,25","190069249,25",0,"26442157,41","13845926,8933333","18672606,67","32903711,29","190506119,84","180350486,59",7,41,0,,48,0,"254594364,568609",0,"242479825,047272",2017,2
Eurex,Q2-2017,aggregated,150000000,,,3661855523,"4343644916,66",,600000000,,7323711046,315000000,"3493142700,79","2522900642,03","24485362969,27","38849095700,82","52123546433,46","48655346961,9",85,151,0,547,198,,,,,2017,2
KELER,Q1-2017,TEA,"705972,008422417","16196,9549724652","1943634,59669582","6439909,29705215","6439909,29705215",0,0,0,"6439909,29705215",0,"4253811,5127956","1180801,76424965","8618369,11888565","10360256,5759637","52079399,1504317","48880848,2312925",11,11,0,,16,,,,,2017,1
KELER,Q1-2017,KGA,"805967,042436022","16196,9549724652","1943634,59669582","7389050,85843861","7389050,85843861",0,0,0,"7389050,85843861",0,"3850347,02533204","1054671,71638592","17644043,4888241","27534703,9293813","63302431,3536857","60118807,4538387",8,6,0,789,10,,,,,2017,1
KELER,Q1-2017,TP KGA,"342756,9063816","16196,9549724652","1943634,59669582","3142371,96631033","3142371,96631033",0,0,0,"3142371,96631033",0,,,0,"9904298,21509556","17627487,5283447","17621863,4013606",0,32,0,,0,,,,,2017,1
KELER,Q1-2017,CEEGEX KGA,"34273,9164237123","16196,9549724652","1943634,59669582","314220,926465824","314220,926465824",0,0,0,"314220,926465824",0,"105271,784904438","7529,0466191653",0,"1116669,90605766","5727340,25915128","5727340,25915128",0,13,0,,0,,,,,2017,1
Kdpw,Q1-2017,organised market,2017930,40811635,9956716,54424704,57041662,161934,0,27212352,54262770,0,"160884708,02","50188996,06",168716418,174207280,324054584,320894494,10,24,0,,,0,251691600,0,428601177,2017,1
Kdpw,Q1-2017,OTC market,1060583,,,28604507,28604507,91285,0,14302253,28513221,0,"109815896,300926","61561276,593058",0,27859396,39801916,39801916,2,14,0,,,184987578,0,61047060214,0,2017,1
ICE CLEAR EUROPE,Q1-2017,F&O,93536619,0,0,1777195772,1841952137,0,0,3554391544,,0,1832717373,1070792584,31876564351,37881343399,41950195729,40524824857,74,0,0,Not available,64,0,0,0,0,2017,1
ICE CLEAR EUROPE,Q1-2017,CDS,30977189,15957946,0,843939063,847872938,0,0,843939063,,0,160782997,65698967,577685159,5490646331,5897665044,5769490424,22,0,0,Not available,10,7490751059,0,,0,2017,1
Nasdaq,Q1-2017,Financial Markets,10490757,0,14617395,244733639,216655634,36251140,20248566,188728729,188728729,0,246767976,175734238,2041197144,3656661645,4376429550,4089438402,18,25,0,4200,39,10815843255,2948917601,319642036312,9773825107,2017,1
Nasdaq,Q1-2017,Commodities,5759600,0,6867718,97750000,154930793,17031942,9787556,85000000,85000000,0,98775039,62782566,794426026,1559028565,1841770702,1807165200,13,90,0,236,184,0,184499826,0,8442366043,2017,1
Nasdaq,Q1-2017,Seafood,524626,0,4730274,5769881,8243838,11731080,5605373,5017287,5017287,0,16505786,5348934,9676225,41300676,48860499,47746529,,,,18,17,0,2263879,0,254603628,2017,1
BME CLEARING,Q1-2017,financial derivatives,2000000,-,-,84400000,84400000,-,4000000,168800000,168800000,-,"231750180,03","111904229,413808","1137377684,25","1912499683,88","2457646962,71921","2265673189,58709",34,0,-,77215,34,0,"2520165230,76923",0,"16831079089,4447",2017,1
BME CLEARING,Q1-2017,repo,1000000,-,-,29000000,29000000,-,2000000,58000000,58000000,-,"83624817,23","30300049,26",0,"1152708578,74","1630573659,27691","1605644346,17629",0,29,-,0,0,0,"3306279010,20547",0,"16272169089,6961",2017,1
BME CLEARING,Q1-2017,power,500000,-,-,10750000,10750000,-,1000000,21500000,21500000,-,"21539150,61","12451353,55","51285470,59","51290258,67","56736288,8953337","56218658,8947449",6,0,-,140,6,0,"3383883,66076923",0,"401444326,2",2017,1
BME CLEARING,Q1-2017,IRS,1000000,-,-,9000000,9000000,-,2000000,18000000,18000000,-,25102366,"13015453,36",0,"30448367,88","53635223,1678537","51259955,3308694",0,9,-,0,0,"3921538,46153846",0,1212878648,0,2017,1
BME CLEARING,Q1-2017,equity,1500000,-,-,92200000,92200000,,3000000,184400000,184400000,-,"651254256,75","100334553,16","525457152,46","547990664,81","641250797,562469","622658655,351003",31,0,-,264,31,0,"4837897483,22677",0,"3419350990,66",2017,1
OMI CLEAR,Q1-2017,aggregated,"1941895,15",0,0,"47621912,91","47621912,91",0,"8630388,94","47621912,91","For additional information regarding participants commitment to replenish the default fund, please see OMIClear Instruction B07-2014.",0,"52488349,11","44060509,43","76337904,47","97346573,84","199335852,21","199335852,21",4,10,n.a.,74,4,0,"5989650,57",0,"799434436,71",2017,1
LCHLTD,Q1-2017,commodities,196426,0,0,21812739,21812739,0,0,21812739,21812739,0,11374052,4283977,131587316,134019268,153491330000,144987870000,19,0,0,Unknown,19,,,,,2017,1
LCHLTD,Q1-2017,equities,1835119,0,0,202903463,202903463,0,0,202903463,202903463,0,95437915,19274601,406777085,2074713920,153491330000,144987870000,23,13,2,Unknown,23,,,481798647,2973605944,2017,1
LCHLTD,Q1-2017,fixed income,10610000,0,0,1170000000,1170000000,0,0,1170000000,1170000000,0,835490000,484520000,0,11352000000,153491330000,144987870000,8,71,0,0,8,,,,,2017,1
LCHLTD,Q1-2017,OTC FX,13141895,0,0,1449817603,1449817603,0,0,1449817603,1449817603,0,1456814142,371490038,0,5241474137,153491330000,144987870000,10,16,0,5,10,34711888498,0,1094705509301,0,2017,1
LCHLTD,Q1-2017,interest rates,47736490,0,0,5735181700,5735181700,0,0,5735181700,5735181700,0,4229927647,3313583392,55363342021,102338901032,153491330000,144987870000,55,54,0,17848,55,2781278850853,0,195248673382383,0,2017,1
ICE CLEAR NETHERLANDS,Q1-2017,aggregated,1875000,0,0,67000000,75540285,0,20000000,134000000,"See ICNL Rulebook paragraph 7.6 and 7.7: 
https://www.theice.com/publicdocs/Clear_Netherlands_Rulebook.pdf",0,15604102,3127820,156612232,"168985996,97","365832432,14","365832432,14",3,1,0,,1,,,174240302,0,2017,1
LCHSA,Q1-2017,cash and derivatives,11760000,0,0,1461630000,1461630000,0,0,1461630000,1461630000,0,828230000,356720000,3819770000,4819190000,27770420000,27273150000,45,25,0,250,45,,,,,2017,1
LCHSA,Q1-2017,fixed income,12590000,0,0,1564270000,1564270000,0,0,1564270000,1564270000,0,317740000,231180000,0,19336900000,27770420000,27273150000,14,43,1,2,14,,,,,2017,1
LCHSA,Q1-2017,OTC CDS,20000000,0,0,548210000,548210000,0,0,548210000,548210000,0,542940000,174950000,10000,1736430000,27770420000,27273150000,11,1,0,3,11,"4019693522,4",0,97070523480,0,2017,1
LCHSA,Q1-2017,€GC plus,1240000,0,0,154300000,154300000,0,0,154300000,154300000,0,133080000,45850000,234650000,299770000,27770420000,27273150000,1,9,0,,,,,,,2017,1
LCHSA,Q1-2017,equity clear,,,,,,,,,,,,,,,27770420000,27273150000,,,,,,0,,0,1716980000,2017,1
LCHSA,Q1-2017,listed derivatives,,,,,,,,,,,,,,,27770420000,27273150000,,,,,,0,0,0,0,2017,1
Euro-ccp,Q1-2017,aggregated,4335767,0,0,240284920,267909101,0,0,240284920,240284920,0,370196170,19658432,221339132,846097596,1251467996,1210872705,21,25,2,31,2,0,0,0,0,2017,1
CCG,Q1-2017,equity,"3332823,04",,,1102443000,1102443000,,"3332823,04",1653664500,1102443000,,1107757763,578267306,"1717789449,85","2450456369,41",0,0,30,18,0,56,15,0,80009923076,0,33751531154,2017,1
CCG,Q1-2017,bound,"13308367,81",,,4402189000,4402189000,,"13308367,81",6603283500,4402189000,,3343743355,1693337765,"148339061,79","6393349709,55",0,0,17,56,1,32,10,0,2147479381,0,753150847869,2017,1
CCG,Q1-2017,idex,"37622,78",,,12445000,12445000,,"37622,78",18667500,12445000,,10150219,3714859,"12207577,14","12263820,4",0,0,7,0,0,11,4,0,6305862669,0,140388271,2017,1
CCG,Q1-2017,agrex,"825,32",,,273000,273000,,"825,32",409500,273000,,1028000,570071,"232469,98","232469,98",0,0,3,0,0,2,1,0,822497,0,1509000,2017,1
CCP AUSTRIA,Q1-2017,aggregated,1875000,0,0,"21650667,24","21650667,24",0,1875000,"108253336,2","108253336,2",0,"25348650,79","12969762,1525","23047576,48","37988503,98","183311194,54","173071499,59",7,41,0,,48,0,"263238884,536355",0,"254496634,721151",2017,1
Eurex,Q1-2017,aggregated,150000000,,,2872556533,"3834887570,62",,600000000,,5745113066,315000000,"2877953679,04","1962855221,61","31375878562,53","46584259975,73","60964737810,378","57976720730,2941",87,154,0,544,200,,,,,2017,1
KELER,Q4-2016,TEA,"902986,839297837","16163,9672841302","1939676,07409563","8444056,50922963","8444056,50922963",0,0,0,"8444056,50922963",0,"7092522,89044063","1302791,12457544","5277478,97","7683687,07","50315360,7940662","47425269,0298387",11,12,0,,17,,,,,2016,4
KELER,Q4-2016,KGA,"582438,589855494","16163,9672841302","1939676,07409563","5440791,38783823","5440791,38783823",0,0,0,"5440791,38783823",0,"3842505,17802994","1149112,77319139","15141876,41","24837378,63","59587519,4759913","57380916,7232406",8,7,0,789,8,,,,,2016,4
KELER,Q4-2016,TP KGA,"352556,690266059","16163,9672841302","1939676,07409563","3286993,04949407","3286993,04949407",0,0,0,"3286993,04949407",0,,,0,"9843580,85","17855218,7695988","17849618,7695988",0,31,0,,0,,,,,2016,4
KELER,Q4-2016,CEEGEX KGA,"36229,8871755084","16163,9672841302","1939676,07409563","323279,345682604","323279,345682604",0,0,0,"323279,345682604",0,"64695,8967769049","4644,58643410182",0,"593067,97","4152280,0407332","4152280,0407332",0,14,0,,0,,,,,2016,4
Kdpw,Q4-2016,organised market,1984154,39110803,9541769,48617772,51646182,227457,0,24308886,48390314,0,"160884708,02","39408541,94",135032903,139975654,269385038,266614952,10,24,0,,,0,207035041,0,302648465,2016,4
Kdpw,Q4-2016,OTC market,966603,,,23684697,23684697,70274,0,11842348,23614422,0,"86588623,379193",50393858,0,19597362,26274204,26227622,2,14,0,,,150812100,0,47528875585,0,2016,4
ICE CLEAR EUROPE,Q4-2016,F&O,94867659,0,0,1470448724,1579844868,0,0,2940897448,,0,1565316384,1001667429,32090805638,38479882442,42482205851,41071652296,75,0,0,Not available,64,0,0,0,0,2016,4
ICE CLEAR EUROPE,Q4-2016,CDS,23773297,23773297,0,928725739,930461063,0,0,928725739,,0,160782997,79451370,362949504,6339143447,6572442446,6405450636,22,0,0,Not available,9,7241399148,0,,0,2016,4
Nasdaq,Q4-2016,Financial Markets,10468463,0,6082376,215786443,237648251,8177417,8160324,163517403,163517403,0,246243570,207213325,1787681231,3031459076,3790416381,3621987272,18,27,0,4027,39,9039120798,3009279424,244013201347,8211625550,2016,4
Nasdaq,Q4-2016,Commodities,5739929,0,38927416,93495000,164582713,52335748,32011021,813000000,813000000,0,92007917,71013141,802165733,1643309204,2174033708,2087223878,12,87,0,246,195,0,227599190,0,9201710827,2016,4
Nasdaq,Q4-2016,Seafood,517038,0,1953950,6328208,7723451,2626977,1682329,5502789,5502789,0,5870839,5372463,12821517,53603479,58580315,45756133,,,,22,21,0,4979877,0,314057493,2016,4
BME CLEARING,Q4-2016,financial derivatives,2000000,-,-,65250000,65250000,-,4000000,130500000,130500000,-,"128575078,3","85784721,5195331","944508985,3","1615585684,27","2122726809,24883","1919778423,56224",35,0,-,76593,35,0,"2526057656,25",0,"12295069331,5112",2016,4
BME CLEARING,Q4-2016,repo,1000000,-,-,29000000,29000000,-,2000000,58000000,58000000,-,"77564196,22","33825150,3493385",0,"1081511424,12","1633609837,23974","1601753380,477",0,29,-,0,0,0,"3018566648,8165",0,"17203359798,564",2016,4
BME CLEARING,Q4-2016,power,500000,-,-,10000000,10000000,-,1000000,20000000,20000000,-,"21539150,61","12919611,2341245","60522636,47","61018440,4","67315060,9476697","66250545,8519217",6,0,-,140,6,0,"4910347,61765625",0,"441979282,679999",2016,4
BME CLEARING,Q4-2016,IRS,1000000,-,-,19700000,19700000,-,2000000,39400000,39400000,-,25102366,"11398418,1660228",0,"47363544,11","114409366,436665","108517521,662964",0,9,-,0,0,"14615795,0346875",0,1656178648,0,2016,4
BME CLEARING,Q4-2016,equity,1500000,-,-,43500000,43500000,,3000000,87000000,87000000,-,"346262310,92","89386189,1341809","238404313,75","247644312,75","419074503,010642","401188744,24587",32,0,-,261,32,0,"4407461536,21187",0,"1887615437,1",2016,4
OMI CLEAR,Q4-2016,aggregated,"1941895,15",0,0,"51146453,95","51146453,95",0,"8630388,94","51146453,95","For additional information regarding participants commitment to replenish the default fund, please see OMIClear Instruction B07-2014.",0,"52488349,11","42859414,62","72354799,43","96183251,67","219446812,53","219446812,53",4,10,n.a.,75,4,0,"10760036,6",0,"877848509,24",2016,4
LCHLTD,Q4-2016,commodities,132814,0,0,13518641,13518641,0,0,13518641,13518641,0,-11535908,-3073713,94232046,96727065,145358210000,137454020000,19,0,0,Unknown,19,,,,,2016,4
LCHLTD,Q4-2016,equities,992781,0,0,99850498,99850498,0,0,99850498,99850498,0,-104510734,-18185429,268880375,1281120792,145358210000,137454020000,23,13,2,Unknown,23,,,404485718,1401048328,2016,4
LCHLTD,Q4-2016,fixed income,11660000,0,0,1170000000,1171040000,0,0,1170000000,1170000000,0,-601520000,-412510000,0,12626000000,145358210000,137454020000,8,70,0,0,8,,,,,2016,4
LCHLTD,Q4-2016,OTC FX,9477279,0,0,951541599,951541599,0,0,951541599,951541599,0,-690987573,-225064036,0,2811374632,145358210000,137454020000,9,16,0,5,9,28968371117,0,759413404795,0,2016,4
LCHLTD,Q4-2016,interest rates,53493424,0,0,5839893480,5839893480,0,0,5839893480,5839893480,0,-4226716345,-2936894112,0,99643673059,145358210000,137454020000,55,56,0,17092,55,0,0,0,0,2016,4
ICE CLEAR NETHERLANDS,Q4-2016,aggregated,1875000,0,0,84650000,85772041,0,20000000,169300000,"See ICNL Rulebook paragraph 7.6 and 7.7: 
https://www.theice.com/publicdocs/Clear_Netherlands_Rulebook.pdf",0,33717017,4603038,123545837,140619230,"367286644,6","367286644,6",3,1,0,,1,,,172096202,0,2016,4
LCHSA,Q4-2016,cash and derivatives,12360000,-,-,1341680000,1341680000,-,-,1341680000,1341680000,-,-512920000,-234370000,0,4041200000,25591970000,25065620000,46,25,0,265,46,,,,,2016,4
LCHSA,Q4-2016,fixed income,11250000,-,-,1221130000,1221130000,-,-,1221130000,1221130000,-,-317740000,-221440000,0,17475770000,25591970000,25065620000,14,43,1,1,14,,,,,2016,4
LCHSA,Q4-2016,OTC CDS,20000000,-,-,502660000,502660000,-,-,502660000,502660000,-,-404530000,-164750000,0,1328980000,25591970000,25065620000,12,0,0,0,12,3158395999,0,80213599480,0,2016,4
LCHSA,Q4-2016,€GC plus,1750000,-,-,190020000,190020000,-,-,190020000,190020000,-,-159340000,-62680000,0,153170000,25591970000,25065620000,1,9,0,,,,,,,2016,4
LCHSA,Q4-2016,equity clear,,,,,,,,,,,,,,,25591970000,25065620000,,,,,,0,,0,601056056,2016,4
LCHSA,Q4-2016,listed derivatives,,,,,,,,,,,,,,,25591970000,25065620000,,,,,,0,0,0,0,2016,4
Euro-ccp,Q4-2016,aggregated,3846685,0,0,177002315,222260469,0,0,177002315,177002315,0,370196170,20892864,93251388,373136740,812792061,784831013,21,25,2,31,2,0,0,0,0,2016,4
CCG,Q4-2016,equity,"3222184,32",,,1103002000,1103002000,,"3222184,32",1103002000,1103002000,,1107757763,626276199,"1919462566,44","2811965914,36",0,0,30,18,0,57,15,0,79858812500,0,19632093418,2016,4
CCG,Q4-2016,bound,"13443302,56",,,4601844000,4601844000,,"13443302,56",4601844000,4601844000,,3029628157,1591376420,"184297784,32","7188593312,65",0,0,17,55,1,34,11,0,2442422657,0,561212312286,2016,4
CCG,Q4-2016,idex,"31871,23",,,10910000,10910000,,"31871,23",10910000,10910000,,8594119,3245537,"15081149,1","15298371,59",0,0,7,0,0,13,4,0,6538289139,0,209601893,2016,4
CCG,Q4-2016,agrex,"736,15",,,252000,252000,,"736,15",252000,252000,,1028000,570071,"274664,24","279956,24",0,0,3,0,0,2,1,0,3391229,0,1777500,2016,4
CCP AUSTRIA,Q4-2016,aggregated,1875000,0,0,"19210385,39","19210385,39",0,1875000,"96051926,95","96051926,95",0,"17239024,27","11707342,7191667","10969033,04","21412764,39","169018812,3","158665102,15",7,43,0,,50,0,"232476040,25837",0,"229510816,498069",2016,4
Eurex,Q4-2016,aggregated,100000000,,,3002661730,"3963368182,67783",,600000000,,6005323460,265000000,"3164468008,93385","1928253541,57905","22206580943,6683","35787455944,1407","52158038588,1273","49431598313,8801",87,154,0,553,200,,,,,2016,4
KELER,Q3-2016,TEA,"1119162,40012939","16173,3786187935","2264273,00663109","11185508,6527576","11185508,6527576",0,0,0,"11185508,6527576",0,"7096652,45253113","1297837,56150749","4908794,54","6350394,58","49551741,3678797","46857468,5718907",11,12,0,,17,,,,,2016,3
KELER,Q3-2016,KGA,"390315,167394469","16173,3786187935","2264273,00663109","3901018,92285298","3901018,92285298",0,0,0,"3901018,92285298",0,"3844742,44450914","959596,51610016","20082048,24","33115448,34","64290881,016885","61874948,3972182",8,7,0,1144,11,,,,,2016,3
KELER,Q3-2016,TP KGA,"365370,127769691","16173,3786187935","2264273,00663109","3651704,80025877","3651704,80025877",0,0,0,"3651704,80025877",0,,,0,"10766482,74","18432824,3700469","18415671,2113861",0,31,0,,0,,,,,2016,3
KELER,Q3-2016,CEEGEX KGA,"19742,3095584668","16173,3786187935","2264273,00663109","197315,21914928","197315,21914928",0,0,0,"197315,21914928",0,"41285,1703056769","1935,77787019708",0,"272240,0129","2105892,26948084","2095893,23305839",0,13,0,,0,,,,,2016,3
Kdpw,Q3-2016,organised market,2360715,38636225,10910495,52501658,56028785,117545,0,26250829,52384113,0,"110865875,41","40228495,67",112159509,117163160,244511331,242209113,10,28,0,,,0,177955294,0,426512021,2016,3
Kdpw,Q3-2016,OTC market,649200,,,14438037,14438276,43754,0,7219018,14394282,0,"78213429,3","43160675,4713466",0,16330062,22671262,22602420,2,14,0,,,127153174,0,27282610204,0,2016,3
ICE CLEAR EUROPE,Q3-2016,F&O,89597706,0,0,1388764447,1490240549,0,0,2777528895,,0,1633273934,1037895245,0,35772279763,,,72,0,0,Not available,64,0,0,0,0,2016,3
ICE CLEAR EUROPE,Q3-2016,CDS,22245951,22245951,0,1039176314,1059575724,0,0,1039176314,,0,160782997,70209452,323748668,6119734744,,,22,0,0,Not available,8,4866132931,0,,0,2016,3
Nasdaq,Q3-2016,Financial Markets,8315143,0,1746146,165746803,214655944,2012225,3984260,121712919,121712919,0,201542133,166244929,1669782384,3103641143,3790121842,3591198075,18,28,0,4512,33,7118509146,2597037512,218146726718,7727549412,2016,3
Nasdaq,Q3-2016,Commodities,7803071,0,49059126,124200000,153926156,56534803,37421010,108000000,108000000,0,63743666,48019762,476088757,1369920870,2003910113,1970193087,12,91,0,171,139,0,128007569,0,8474408547,2016,3
Nasdaq,Q3-2016,Seafood,522780,0,3833405,5886607,8214837,4417543,2895330,5118789,5118789,0,5869946,4860748,9389575,45537131,44570111,44570111,,,,3,3,0,2167899,0,304677238,2016,3
BME CLEARING,Q3-2016,financial derivatives,2000000,-,-,76800000,76800000,-,4000000,153600000,153600000,-,"150506505,58","90344830,7727132","1091200393,28","1873395544,07","2228444792,57161","2051813150,61372",36,0,-,76222,36,0,"2220910151,51515",0,"13561083827,2993",2016,3
BME CLEARING,Q3-2016,repo,1000000,-,-,29000000,29000000,-,2000000,58000000,58000000,-,"88422424,87","42428035,3370333",0,"1457925934,91","1976919480,46072","1946463163,84877",0,30,-,0,0,0,"2960630848,2746",0,"22074909141,01",2016,3
BME CLEARING,Q3-2016,power,500000,-,-,11000000,11000000,-,1000000,22000000,22000000,-,"14280575,65","10905990,3529457","45669342,05","46690696,62","51790867,2718074","50875850,859403",6,0,-,130,6,0,"4904907,74818182",0,"377751937,38",2016,3
BME CLEARING,Q3-2016,IRS,1000000,-,-,13050000,13050000,-,2000000,26100000,26100000,-,25102366,"8218754,29056763",0,"53993946,26","70606084,9264087","68618283,8645674",0,9,-,0,0,"23966156,0151515",0,2669166297,0,2016,3
BME CLEARING,Q3-2016,equity,1500000,-,-,81950000,81950000,,3000000,163900000,163900000,-,"346262310,92","94313396,5039823","492225962,6",518900008,"533130691,144028","519780277,073543",22,12,-,214,22,0,"3598081239,5597",0,"4191887515,43",2016,3
OMI CLEAR,Q3-2016,aggregated,"1941895,15",0,0,"48940315,55","48940315,55",0,8525718,"48940315,55","For additional information regarding participants commitment to replenish the default fund, please see OMIClear Instruction B07-2014.",0,"50277377,15","37310471,31","70548651,66","93780088,94","228775048,58","228775048,58",4,10,n.a.,73,4,0,"6751611,58",0,"874695555,8",2016,3
LCHLTD,Q3-2016,commodities,161275,0,0,13439655,13439655,0,0,13439655,13439655,0,-73756832,-5590897,90852074,93844637,130878430000,124033930000,20,0,0,Unknown,21,,,,,2016,3
LCHLTD,Q3-2016,equities,2961569,0,0,252511526,251930827,0,0,252511526,252511526,0,-103922047,-26061810,386548668,1784479054,130878430000,124033930000,24,13,2,Unknown,24,,,559606904,2626235802,2016,3
LCHLTD,Q3-2016,fixed income,7550000,0,0,742480000,741180000,0,0,742480000,742480000,0,-699150000,-404600000,0,11667240000,130878430000,124033930000,8,69,0,0,8,,,,,2016,3
LCHLTD,Q3-2016,OTC FX,5124988,0,0,435391093,435391093,0,0,435391093,435391093,0,-352065228,-151420124,0,854672520,130878430000,124033930000,8,16,0,5,8,8550291185,0,350410715878,0,2016,3
LCHLTD,Q3-2016,interest rates,57210550,0,0,5512932185,5512932185,0,0,5512932185,5512932185,0,-4021578807,-2411518763,0,89332531967,130878430000,124033930000,57,52,0,16280,48,0,0,0,0,2016,3
ICE CLEAR NETHERLANDS,Q3-2016,aggregated,1875000,0,0,50550000,56448213,0,20000000,101100000,"See ICNL Rulebook paragraph 7.6 and 7.7: 
https://www.theice.com/publicdocs/Clear_Netherlands_Rulebook.pdf",0,33717017,7640514,141681088,161588900,,,2,1,0,,1,32992818,0,431444640,0,2016,3
LCHSA,Q3-2016,cash and derivatives,12300000,-,-,1087720000,1087720000,-,-,1087720000,1087720000,-,-385250000,-164750000,0,3758330000,23800630000,23259400000,46,25,0,265,46,,,,,2016,3
LCHSA,Q3-2016,fixed income,9900000,-,-,902890000,902890000,-,-,902890000,902890000,-,-401260000,-145820000,0,15403990000,23800630000,23259400000,14,43,1,1,14,,,,,2016,3
LCHSA,Q3-2016,OTC CDS,20000000,-,-,530330000,530330000,-,-,530330000,530330000,-,-404530000,-128680000,0,945180000,23800630000,23259400000,12,0,0,0,12,3221888122,0,65197577809,0,2016,3
LCHSA,Q3-2016,€GC plus,1900000,-,-,175270000,175270000,-,-,175270000,175270000,-,-159340000,-43750000,0,530030000,23800630000,23259400000,1,9,0,,,,,,,2016,3
LCHSA,Q3-2016,equity clear,,,,,,,,,,,,,,,23800630000,23259400000,,,,,,0,,0,501356344,2016,3
LCHSA,Q3-2016,listed derivatives,,,,,,,,,,,,,,,23800630000,23259400000,,,,,,0,0,0,0,2016,3
Euro-ccp,Q3-2016,aggregated,3846685,0,0,242942916,"285194422,55",0,0,242942916,242942916,0,235220891,14954318,133556420,675612227,1067298594,1038666375,21,25,2,30,2,0,0,0,0,2016,3
CCP AUSTRIA,Q3-2016,aggregated,1875000,0,0,"23458566,22","23458566,22",0,1875000,"117292831,1","117292831,1",0,"18031293,57","12828474,6675","18822457,85","31828495,24","196332438,225797","182953807,55",8,43,0,,51,0,"200713720,793064",0,"193403295,810911",2016,3
Eurex,Q3-2016,aggregated,100000000,,,3265194953,"4230653974,71986",,600000000,,6530389906,265000000,"3414286407,02626","1876189936,46817","20501782217,9687","34456021519,9528","52630200639,205","49743960954,1115",85,153,,543,196,,,,,2016,3
KELER,Q2-2016,TEA,"1009361,79466093","15814,7773279352","1897773,27935223","9292763,15789473","9292763,15789473",0,0,0,"9292763,15789473",0,"6939303,21893978","1190446,78206452","4119987,87322875","7382747,87133097","48346257,9271242","46219528,6690283",11,12,0,,18,,,,,2016,2
KELER,Q2-2016,KGA,"409163,648152834","15814,7773279352","1897773,27935223","3757591,09311741","3757591,09311741",0,0,0,"3757591,09311741",0,"3416754,38069332","848776,751270781","10816305,7945344","16770879,4281377","48841211,6415642","47154269,2908654",8,7,0,1002,11,,,,,2016,2
KELER,Q2-2016,TP KGA,"409458,982793522","15814,7773279352","1897773,27935223","3760314,71406883","3760314,71406883",0,0,0,"3760314,71406883",0,,,0,"11037723,5387146","17575180,9929316","17561937,2785931",0,30,0,,0,,,,,2016,2
KELER,Q2-2016,CEEGEX KGA,"20921,1918016194","15814,7773279352","1897773,27935223","177125,506072875","177125,506072875",0,0,0,"177125,506072875",0,"21702,9352226721","628,727834008097",0,"247868,168016194","1545908,90439984","1540938,90435223",0,11,0,,0,,,,,2016,2
Kdpw,Q2-2016,organised market,2196319,37617236,10622743,40371287,47356775,105419,0,20185643,40265867,0,214283092,"112512479,86",104559445,109191904,233761272,232063315,11,24,0,,,0,150499681,0,399054575,2016,2
Kdpw,Q2-2016,OTC market,734377,,,13498840,13498840,62948,0,6749420,13435892,0,"78213429,3","34898152,802938",0,14187062,19995899,19995899,2,14,0,,,135182190,0,20804528649,0,2016,2
Nasdaq,Q2-2016,Financial Markets,10610980,0,14532717,187867405,229645753,51591146,25322498,141126037,141126037,0,168190417,110006711,1710795825,3134328965,3963766024,3697586146,18,28,0,4408,34,9030204845,2824728575,199461505722,7251929617,2016,2
Nasdaq,Q2-2016,Commodities,7965326,0,4614555,124200000,142350027,16381670,9557312,108000000,108000000,0,153466682,87499374,104456516,1196750811,1846218151,1816141030,13,91,0,174,145,0,177792354,0,7603620731,2016,2
Nasdaq,Q2-2016,Seafood,534312,0,2093543,4327584,6118481,7432079,3319778,3763117,3763117,0,5461379,4222915,873679,37883794,38669741,38669741,,,,2,2,0,7420740,0,315668953,2016,2
BME CLEARING,Q2-2016,financial derivatives,2000000,-,-,47450000,47450000,-,4000000,94900000,94900000,-,"222980816,82","104294708,838295","935743416,93","1647105317,46","1994128751,1283","1874157256,44725",34,0,-,60212,34,0,"2584163538,46154",0,"12265350314,3672",2016,2
BME CLEARING,Q2-2016,repo,1000000,-,-,30000000,30000000,-,2000000,60000000,60000000,-,"88422424,87","38871898,7930857",0,"1584425848,47","2233153008,88713","2197981323,55361",0,30,-,0,0,0,"2808159403,13",0,"21859660930,84",2016,2
BME CLEARING,Q2-2016,power,500000,-,-,7300000,7300000,-,1000000,14600000,14600000,-,"14042467,11","9776725,87","59822867,08","59987259,14","68157017,193462","66840641,075926",6,0,-,103,6,0,"5447416,66",0,"449320486,03",2016,2
BME CLEARING,Q2-2016,IRS,1000000,-,-,9000000,9000000,-,2000000,18000000,18000000,-,"6475475,2","1219426,23",0,"14997264,64","21611937,1898525","20917249,5161289",0,9,-,0,0,"8736861,53846154",0,1988400000,0,2016,2
BME CLEARING,Q2-2016,equity,1500000,-,-,68350000,68350000,,3000000,136700000,136700000,-,"346262310,92","136998653,54","1074959724,62",1124930626,"1558530736,7755","1545203919,56708",22,12,-,166,22,0,"3885028250,868",0,"9731228594,36",2016,2
OMI CLEAR,Q2-2016,aggregated,"1941895,15",0,0,"46405850,09","46405850,09",0,8525718,"46405850,09","For additional information regarding participants commitment to replenish the default fund, please see OMIClear Instruction B07-2014.",0,"50277377,15","32386192,27","65026279,89","96663147,52","226310309,4","226310309,4",4,10,n.a.,71,4,0,"11557099,18",0,"940939994,5928",2016,2
LCHLTD,Q2-2016,commodities,171140,0,0,13511079,13511079,0,0,13511079,13511079,0,-77544587,-21815890,82669789,85786344,128223830000,121707820000,20,0,0,Unknown,20,,,,,2016,2
LCHLTD,Q2-2016,equities,3508771,0,0,272232304,272232304,0,0,272232304,272232304,0,-108263763,-26872354,542407743,2527743496,128223830000,121707820000,25,13,2,Unknown,25,,,1477763984,4495878855,2016,2
LCHLTD,Q2-2016,fixed income,10810000,0,0,837910000,837820000,0,0,837910000,837910000,0,-601520000,-395620000,0,8582000000,128223830000,121707820000,8,69,0,0,8,,,,,2016,2
LCHLTD,Q2-2016,OTC FX,4836966,0,0,374860385,374860385,0,0,374860385,374860385,0,-228787606,-146820393,0,567276166,128223830000,121707820000,8,15,0,5,8,3919757011,0,153481744637,0,2016,2
LCHLTD,Q2-2016,interest rates,57192982,0,0,4432183908,4432159709,0,0,4432183908,4432183908,0,-3122940109,-2219649123,0,87096188747,128223830000,121707820000,53,52,0,15840,53,0,0,0,0,2016,2
ICE CLEAR NETHERLANDS,Q2-2016,aggregated,1875000,0,0,67950000,77351663,0,20000000,135900000,"See ICNL Rulebook paragraph 7.6 and 7.7: 
https://www.theice.com/publicdocs/Clear_Netherlands_Rulebook.pdf",0,52348239,11342987,157340207,171675936,367286645,367286645,2,1,0,,1,18866307,0,442789056,0,2016,2
Euro-ccp,Q2-2016,aggregated,3846685,0,0,242942916,"287184772,92",0,0,242942916,242942916,0,235220891,30313530,239794537,1047217339,1836192948,1778760605,22,25,2,30,2,0,0,0,0,2016,2
CCP AUSTRIA,Q2-2016,aggregated,1875000,0,0,"18994506,4","18994506,4",0,1875000,94972532,94972532,0,"23227329,98","15961395,1716667","24228592,17",40788880,"194043127,807101","180760110,13",8,43,0,,51,0,"219687830,951913",0,"211478642,716825",2016,2
Eurex,Q2-2016,aggregated,100000000,,,3608240387,"4360009190,22",,600000000,,7216480774,265000000,"3827019277,61","2168355681,78","22314705478,57","39048209109,25","59143708808,05","55631325441,16",85,151,,545,195,,,,,2016,2
Kdpw,Q1-2016,organised market,2152656,39195223,11068351,54036544,57795806,262911,0,27018272,53773633,0,"248554442,31","137606867,51",118277194,121941758,250426115,248106013,11,25,0,,,0,175644745,0,456438240,2016,1
Kdpw,Q1-2016,OTC market,899578,,,22581452,22581452,69324,0,11290726,22512128,0,72964084,"30508372,07",0,12566451,18241552,18241552,2,14,0,,,177872622,0,15587009111,0,2016,1
Nasdaq,Q1-2016,Financial Markets,11381743,0,15448252,231119855,266227681,53296470,26441734,180048345,180048345,0,208236062,116838062,1873761667,3444906771,3933170538,3643177592,18,29,0,6261,34,,3653629955,250483316807,7151480480,2016,1
Nasdaq,Q1-2016,Commodities,7575757,0,5624778,124200000,142166320,19405486,10759987,108000000,108000000,0,159155474,110732921,165023161,1423162534,1881557403,1860111568,13,92,0,44,26,0,141791124,0,6319921081,2016,1
Nasdaq,Q1-2016,Seafood,541934,0,597459,4275319,6258316,2061233,1056207,3717669,3717669,0,5011503,3725925,109466,25798108,34759646,34759646,,,,1,1,0,2460113,0,187381008,2016,1
OMI CLEAR,Q1-2016,aggregated,"1941895,15",0,0,"44493767,98","44493767,98",0,8525718,"44493767,98","For additional information regarding participants commitment to replenish the default fund, please see OMIClear Instruction B07-2014.",0,"47747745,23","27649761,9","55389146,32","85843757,84","217524082,94","217524082,94",5,10,n.a.,68,5,0,"12630995,4",0,"855464115,3",2016,1
LCHLTD,Q1-2016,commodities,193236,0,0,13833992,13833992,0,0,13833992,13833992,0,-75617040,-34185332,89354413,92437417,107317790000,101766350000,21,0,0,Unknown,21,,,,,2016,1
LCHLTD,Q1-2016,equities,3739498,0,0,272263280,272263280,0,0,272263280,272263280,0,-113044028,-45379320,352258227,1651797106,107317790000,101766350000,24,13,2,Unknown,24,,,1456832561,2900542042,2016,1
LCHLTD,Q1-2016,fixed income,12600000,0,0,919020000,918990000,0,0,919020000,919020000,0,-706860000,-398930000,0,9773310000,107317790000,101766350000,8,70,0,3,8,,,,,2016,1
LCHLTD,Q1-2016,OTC FX,492704,0,0,35626302,35626302,0,0,35626302,35626302,0,-10940560,-4206936,0,2021350,107317790000,101766350000,11,0,0,Unknown,11,3961317517,0,147673359678,0,2016,1
LCHLTD,Q1-2016,interest rates,3276240,0,0,238945981,238945981,0,0,238945981,238945981,0,-223390426,-145217392,0,426394378,107317790000,101766350000,8,15,0,5,8,0,0,0,0,2016,1
ICE CLEAR NETHERLANDS,Q1-2016,aggregated,1875000,0,0,99350000,120286584,0,20000000,198700000,"See ICNL Rulebook paragraph 7.6 and 7.7: 
https://www.theice.com/publicdocs/Clear_Netherlands_Rulebook.pdf",0,52348239,12947384,147949000,147949000,,,2,1,0,Not available ,1,5842329,0,379751385,0,2016,1
LCHSA,Q1-2016,cash and derivatives,9300000,0,0,766280000,766280000,0,0,766280000,766280000,0,-647640000,-260380000,0,4135020000,22231160000,21837550000,46,25,0,256,46,,,,,2016,1
LCHSA,Q1-2016,fixed income,11200000,0,0,923610000,923610000,0,0,923610000,923610000,0,-715800000,-125320000,0,18789150000,22231160000,21837550000,14,41,1,1,14,,,,,2016,1
LCHSA,Q1-2016,OTC CDS,20000000,0,0,597630000,597630000,0,0,597630000,597630000,0,-404530000,-102350000,0,943770000,22231160000,21837550000,11,0,0,0,11,0,0,0,0,2016,1
LCHSA,Q1-2016,€GC plus,1700000,0,0,138730000,138730000,0,0,138730000,138730000,0,-81160000,-17890000,0,110320000,22231160000,21837550000,1,8,0,,,,,,,2016,1
LCHSA,Q1-2016,equity clear,,,,,,,,,,,,,,,22231160000,21837550000,,,,,,0,,0,631303673,2016,1
LCHSA,Q1-2016,listed derivatives,,,,,,,,,,,,,,,22231160000,21837550000,,,,,,0,0,0,0,2016,1
Euro-ccp,Q1-2016,aggregated,3846685,0,0,242528553,"270292992,7",0,0,242528553,242528553,0,235220891,33325334,178762698,803769572,1063077923,1032831831,22,24,2,33,2,0,0,0,0,2016,1
CCP AUSTRIA,Q1-2016,aggregated,1875000,0,0,"17814642,27","17814642,27",0,1875000,"89073211,35","89073211,35",0,"23227329,98","13243102,0216667","14059968,69","25476280,43","178047430,065797","165167004,31",9,43,0,,52,0,"260635519,688898",0,"225877286,322541",2016,1
Eurex,Q1-2016,aggregated,50000000,,,3706328983,"4338012805,44",,700000000,,7412657966,265000000,"3827019277,61","2495777393,5","20652766422,7","37436486079,47","57744238249,52","54191325565,14",81,149,,526,193,,,,,2016,1
Nasdaq,Q4-2015,Financial Markets,11426084,0,396388,232564339,252589977,1327902,4339623,180749768,180749768,0,209047298,131486054,1346574094,2454913851,3237319348,3064795588,,,,3994,33,11128035152,3358812820,255195805797,6546618044,2015,4
Nasdaq,Q4-2015,Commodities,7641921,0,19486595,124200000,149950025,65280095,30494841,108000000,108000000,0,159155474,120958217,27987156,1142293307,2967603356,2859952416,,,,37,23,0,169638969,0,6869676564,2015,4
Nasdaq,Q4-2015,Seafood,542365,0,1937347,4071644,6071121,6490112,2960042,3540560,3540560,0,5111760,3452346,0,22477195,28979414,28979414,,,,0,0,0,1593345,0,164552650,2015,4
Euro-ccp,Q4-2015,aggregated,2769512,0,0,244073947,"262380673,59",0,0,244073947,244073947,0,235220891,37541836,83881525,294857289,802068450,773035212,22,23,2,33,2,0,0,0,0,2015,4
Eurex,Q4-2015,aggregated,50000000,,,3809168471,"4361769277,97279",,700000000,,7618336942,265000000,"3827019277,61",2679489814,"25036172858,43","43091677165,47","60486664577,06","56550412553,27",78,143,,526,186,,,,,2015,4
